{
    "player_idle": {
        "uMin": 0.00,
        "uMax": 0.333333333333333333333333333333333333333,
        "vMin": 0.00,
        "vMax": 0.5
    },
    "player_walk": 
    {
        "uMin": 0.333333333333333333333333333333333333333,
        "uMax": 0.666666666666666666666666666666666666666,
        "vMin": 0.5,
        "vMax": 1.00
    }
}
